title,adTime,sales,price,full,medal
Calota Centro De Roda F250 F350 Cromada Espelhada,19 dias,25,R$ 195,00,false,lider
Recuperador Do 3° Ponto Rosca Esquerda E Direita 1.1/16,1 dias,2,R$ 198,50,false,none
4 Espaçador Alargador Avm Roda Ford Ranger Até 2012 - 32mm,1 dias,1,R$ 1.199,00,false,platinum
Kit 4 Alargador Espaçador Roda 38mm Sprinter 2006 Em Diante,1 dias,1,R$ 1.139,00,false,gold
Climatizador Aquecedor De Carro Ar Condicionado Portátil 12v,24 dias,50,R$ 50,49,true,gold
Cadeirinha De Carro Assento Infantil Criança Bebê 1 A 11,3 dias,5,R$ 329,19,false,gold
Câmera Veicular Automotiva Dash Cam M550 Azdome 4k Gps Uber,1 dias,1,R$ 1.031,31,false,gold
Moldura Painel De Instrumentos Com Acrilico Chevette Origina,1 dias,1,R$ 180,00,false,lider
Tapete Borracha Hb20 Hatch C/traseiro Inteiriço E Port Malas,19 dias,25,R$ 128,16,false,gold
Jogo Tapete Carpete Personalizado Novo Polo Tsi/msi,1 dias,1,R$ 129,00,false,gold
Bauleto Pro Tork Smart Box 28 Litros Com Base Universal,22 dias,50,R$ 152,91,true,platinum
Baú De Moto Bauleto 45 Litros Universal Para Todas As Motos,11 dias,100,R$ 167,30,false,platinum
Baú Para Moto Bauleto Pro Tork 45 Litros Para Todas As Motos,11 dias,25,R$ 168,47,false,none
Baú Bauleto Moto Pro Tork 45 Litros Para 2 Capacetes,8 dias,100,R$ 160,95,false,gold
Baú Bauleto Para Moto 80 Litros Pro Tork Universal Reforçado,11 dias,25,R$ 197,03,false,none
Porta Capacete Para Moto Honda Biz 125 Ks Es 2008 2009 2010,19 dias,25,R$ 107,41,false,none
Porta Capacete Baú Caixa Motos Honda Biz 100 2003 2004 2005,2 dias,4,R$ 116,87,false,none
Capacete Aberto New Liberty 3 Kit 2 Unidade Feirão Oferta Nf,9 dias,100,R$ 179,73,false,gold
Capacete Sm Sport Moto 788 Automático Viseira Cristal Cor,24 dias,100,R$ 99,90,false,gold
Capa Térmica De Banco Moto Impermeável Universal Protetora,24 dias,25,R$ 16,44,true,lider
Mangueira De Combustível Honda Cg 160 Start Original Usado,2 dias,2,R$ 120,00,false,lider
Kit Adesivo Xre 300 2020 Novo Paralelo,2 dias,5,R$ 13,33,false,lider
Jogo De Faixas Adesivo Honda Cbx250 Twister Amarelo Ano 2007,1 dias,1,R$ 32,99,false,gold
Luva Motoqueiro X11 Blackout Moto Motociclista Proteção Full,30 dias,50,R$ 104,90,true,gold
Luva Motoqueiro X11 Fit Moto Motociclista Bicicleta Motoboy,30 dias,50,R$ 69,90,true,gold
Bota Motocross Trilha Enduro Impermeavel Jett Profissional,16 dias,25,R$ 440,80,false,none
Kit 100 Capas De Chuva Descartável Transparente Unisex,10 dias,50,R$ 229,00,false,platinum
Comunicador Capacete V6 Plus 2 Unidades / Par Bluetooth 5.1,24 dias,25,R$ 445,79,false,gold
Peso Pezinho De Guidao De Moto Pcx 150 + Buchas Cromado Par,18 dias,25,R$ 36,44,true,platinum
Par Peso Guidão Pcx 150 P/ Guidão Oco Com Bucha Espansiva,5 dias,5,R$ 39,57,false,gold
Cinta Rebocar Guinchar Carros Automóveis Içar Até 3 Tonelada,22 dias,25,R$ 43,45,true,gold
Cadeado Trava Tranca De Disco Freio Moto Antifurto Universal,16 dias,25,R$ 12,00,false,gold
Trava Cadeado Disco Freio Para Moto Bike Universal Antifurto,2 dias,2,R$ 14,93,false,none
Viseira X11 Cristal 2mm Turner Escamoteável Original,4 dias,5,R$ 168,90,false,lider
Viseira Capacete X11 Turner Cristal Transparente,3 dias,5,R$ 149,90,false,none
Painel Digital Jet Ski Seadoo 4tec Wake 230 2017 - 278003533,1 dias,1,R$ 2.999,00,false,lider
Escotilha Gaiuta Quadrada Lewmar 62x62cm Fl2g Lancha Veleiro,3 dias,4,R$ 5.890,00,false,none
Rádio Kit 4 Baofeng Uv-82 Dual Band Bateria 5000mah 8w,1 dias,1,R$ 3.024,99,false,none
Kit 15 Radio Walk Talk Comunicador 16 Ch 12km Baofeng 777s,1 dias,1,R$ 685,00,false,none
Chave Seletora Motor Elétrico 34lb 44lb 54lb Marine Phanton,1 dias,1,R$ 164,40,false,none
Climatizador Ar Interclima Evolve Mb 1215c Frontal - 24v,1 dias,1,R$ 1.089,00,false,platinum
Parafusadeira Chave De Impacto A Bateria 38v C/ 2 Baterias!,24 dias,25,R$ 485,00,false,none
Macaco Chave De Roda Original Vw G3 G4 G5 Gol Parati,25 dias,100,R$ 100,00,false,none
Kit Isopor Macaco Chave De Roda Estepe Onix 52134090 (1072),2 dias,5,R$ 180,00,false,none
Macaco Hidráulico 3 Toneladas Jacaré Resistente 130 A 490mm,24 dias,25,R$ 546,70,false,none
Saca Polia E Rolamento 3 Garras 3 Polegadas 75mm,24 dias,25,R$ 27,90,true,none
Cabo De Carga Bateria Chupeta 1200amp Caminhão Carro Moto,9 dias,25,R$ 97,34,true,platinum
Terminal Bateria Automotiva Corta Corrente Chave Geral Vo6,18 dias,50,R$ 26,69,true,platinum
Pasteca De 5/16 Para 4 Toneladas Em Vermelho Vo6,1 dias,2,R$ 56,40,false,platinum
Calibrador Compressor Pneu Digital Carro Bike Moto Sem Fio,2 dias,2,R$ 179,90,false,gold
Hallmeter Digital - Relação Ar / Combustivel - Promoção,4 dias,5,R$ 59,99,false,gold
Revitalizador De Plásticos Premium Tritok 100ml Batom Black,22 dias,100,R$ 28,90,false,lider
Limpa Radiador Limpeza Sistema Arrefecimento Orgânico Koube,5 dias,5,R$ 19,90,false,none
Rain-x Original Repelente De Agua Para Vidros 473 Ml Profis.,22 dias,25,R$ 154,77,false,gold
Graxa Chassis Para Uso Geral Balde 10kg Original Envio 24h,22 dias,25,R$ 169,99,false,platinum
Pano Sontara Fs 40 Wiper 400 Unidades Branco Dc Clean Care,22 dias,25,R$ 165,90,false,none
Caneta Permanente Automotiva Pinta Tênis Pneus Retoque Placa,16 dias,25,R$ 26,73,true,lider
Tira Risco Cinza Metálico P Moto Honda Sh150cc 2021 Com 10ml,1 dias,1,R$ 59,90,false,none
Wd40 Spray Produto Multiusos - Desengripa Lubrifica 500ml,29 dias,100,R$ 63,49,false,gold
Tritok Restaurador 3 Em 1 - Pneu Plástico - Dentro | Fora,23 dias,500,R$ 25,00,false,none
Tritok Restaurador 3 Em 1 G Pneu Plástico - Dentro | Fora,24 dias,50,R$ 52,00,true,none
Repelente Chuva 110ml - Glaco Dx - Soft99,1 dias,1,R$ 151,90,false,none
Aditivo Condicionador De Metais Promax Bardahl 200 Ml Oferta,10 dias,25,R$ 29,25,false,none
Militec1 - Condicionador De Metais 200ml Original,1 dias,4,R$ 77,90,false,none
Óleo Semissintético 15w40 Magnatec Api Sn Castrol 1 Litro,19 dias,25,R$ 44,98,false,none
Graxa Ingrax Azul Unigrax Ca 2 - Balde 10kg,18 dias,25,R$ 198,00,false,platinum
Anticongelante (liquido De Arrefecimento) Mopar 5 Litros,16 dias,100,R$ 202,00,false,none
Direct Clean Koube Original Aditivo P/ Injeção Direta 500 Ml,25 dias,25,R$ 59,90,true,none
Fluido Oleo De Freio Bosch Dot 4 Original Carro E Moto 500ml,25 dias,25,R$ 37,10,true,platinum
Kit 12 Sprays Desengripante Lubrificante Chemicolor 300ml,30 dias,100,R$ 78,00,false,platinum
Oleo Motor Original Toyota 10w30 Api Sn Mineral 1 Litro,15 dias,100,R$ 40,99,false,gold
Oleo Motor Original Toyota 10w30 Api Sn Mineral 1 Litro,15 dias,25,R$ 40,99,false,gold
Óleo Quicksilver 2 Tempos Tc-w3 Lancha Barco 500 Ml,12 dias,25,R$ 30,99,false,gold
Kit Revisão Jet Ski Yamaha 1.8 + Filtro De Óleo Original,1 dias,1,R$ 425,00,false,none
Capa Silicone Gps Case Garmin Etrex + Correia De Pescoço,11 dias,25,R$ 35,00,false,none
Capa Proteção Gps Garmin Etrex Case Capa Silicone + Cordão,11 dias,25,R$ 35,00,false,none
20 Unid. Antena 2g 3g 4g 5dbi 195mm, Sma Macho,1 dias,1,R$ 399,80,false,platinum
Mapa Garmin America Do Sul P/ Bmw Navigator 5 E 6 V.2024,1 dias,2,R$ 129,00,false,none
Rastreador Gps Bloqueador Veicular Tk-303g Carro Moto Full,3 dias,5,R$ 149,99,false,platinum
Rastreador Gps Bloqueador Veicular Tk-303 Carro Moto O Coban,3 dias,4,R$ 154,99,false,platinum
Airtag Case Broche Silicone Gps Rastreamento Criança Idosos,1 dias,1,R$ 29,90,false,none
Tampa Branca 52x38cm Para Motomba Banheira De Hidromassagem,2 dias,2,R$ 79,89,false,none
Filtro De Óleo 1503 E 1630 Para Seadoo Rotax 420956744,5 dias,5,R$ 69,03,false,lider
Rotor Borracha Bomba Sanitaria Leite 13 Alhetas Ø128x103mm,2 dias,2,R$ 260,24,false,lider
Parafuso Cavalete Motor Popa Mercury Mariner Usa Até 30 Hp,1 dias,1,R$ 138,25,false,none
Onix Plus Premier 2020 021 2022 Mini Frente,1 dias,1,R$ 1.160,00,false,lider
Grade Parachoque Lateral Sem Furo Etios 2017 2018 2019 20 21,1 dias,1,R$ 117,99,false,platinum
Parabarro Onix Prisma 2013 A 2015 Dianteiro Direito,19 dias,25,R$ 80,00,false,none
Par Acabamento Para-lama Estribo Mb 1418 1618 1620 1622 1624,1 dias,1,R$ 415,28,false,none
Catraca Pneu De Estepe Toyota Hilux 2008 À 2022 Original,21 dias,50,R$ 419,00,false,none
Chave De Descer Estepe Renault Master 2014 A 2021,16 dias,25,R$ 179,00,false,none
Polia 1v P/ Compressor 10p15 L200 1992 A 2006 (avancada),1 dias,1,R$ 216,87,false,gold
4x Difusor Ar Condicionado Universal 80mm Redondo Preto 8cm,1 dias,1,R$ 99,00,false,none
Castanha Para Clipadeira Prensa Hidráulica #8 Normal,1 dias,1,R$ 100,70,false,none
Escapamento Traseiro Gol 1.0 1997 98 99 2000 2001 Silencioso,2 dias,2,R$ 209,00,false,platinum
Kit Intermediário E Silencioso Classic 1.0 8v 2011 Até 2016,1 dias,1,R$ 297,90,false,lider
Kit Escapamento Abafador + Silencioso Siena 1.4 8v 05 A 09,1 dias,1,R$ 342,15,false,platinum
Fechadura Tampa Tras Superior Esquerda Toro Fiat 52023520,1 dias,1,R$ 93,41,false,none
Filtro Combustível Dodge Ram 2500 6.7 2016 2017 2018 2019,1 dias,1,R$ 277,62,false,gold
Oleo 68 Para Sistemas Hidraulicos,17 dias,25,R$ 289,00,false,gold
Reparo Da Pinça De Freio Toyota Bandeirante Todas,1 dias,1,R$ 185,05,false,gold
10 Mola Tampa Rádio Toyota Corolla Padrão Original 2003/2008,1 dias,1,R$ 190,00,false,none
Chicote Eletrico Fusca Alternador - Pumarace Chicotes Ltda -,22 dias,25,R$ 328,83,false,none
Reservatório Vácuo Ar Polo Classic 97/01 191820601,1 dias,1,R$ 49,00,false,lider
Distribuidor Ignicao Chevette 1.4/1.6 1982 Em Diant Gas/flex,4 dias,5,R$ 151,90,false,none
Par Farol Honda New Civic 2006 2007 2008 2009 2010 2011,5 dias,5,R$ 750,48,false,gold
Atuador Marcha Lenta F00099m150 Gol Iii 1.6 1999/2005,1 dias,1,R$ 70,18,false,gold
Modulo Injeção Vw Gol G4 2011/2015 (030906032et) *3998,4 dias,5,R$ 499,99,false,none
Sensor Map Tps Tbi Híbrido Titan 160 Fan 160 Keihin Original,25 dias,50,R$ 150,90,true,gold
Sensor Map Gol Parati Santana Ap Mi 1.6 1.8 2.0 036906051,16 dias,25,R$ 168,90,false,gold
Kit 4 Bypass Prolongador Da Sonda Lambda Universal Extensor,30 dias,100,R$ 79,00,false,platinum
Chicote Instalação 16vias Roadstar Mp3 E Mp5,2 dias,5,R$ 15,00,false,none
10 Prisioneiros Tubo/coletor Escapamento Sedan/gol M8x8x35,5 dias,5,R$ 45,00,false,none
Biela Land Rover Evoque 2.0,2 dias,2,R$ 690,00,false,lider
Oleo Mobil Super 5w40 Sintetico Original Volkswagen 6 Litros,5 dias,25,R$ 244,49,false,gold
Pistão Anel 050 Bronzina Biela Mancal 0,25 Stilo 1.8 8v Gas.,1 dias,1,R$ 949,21,false,none
Jogo Selo Bloco Motor Fire 1.0 1.3 1.4 8v 8pç 30mm 2pç 50mm,1 dias,1,R$ 154,00,false,none
Balancim Recondicionado Vw Kombi 1.600 (moderna) - Par,1 dias,50,R$ 160,00,false,none
Kit 8 Parafuso De Biela Ford Endura/ Zetecrocam 89bm6214cb,25 dias,25,R$ 112,99,false,gold
Correia Dentada Gm 88904447,5 dias,5,R$ 36,32,false,none
Chaveta Do Girabrequim Renault Master Motor 2.5 Original,2 dias,5,R$ 130,00,false,none
Polia Comando Golf Audi A3 A4 1.8 20v 06b109111,1 dias,2,R$ 258,89,false,platinum
Loctite 518 Veda Flanges Elimina Junta Vermelho 15g - Henkel,25 dias,25,R$ 70,49,true,gold
Correia Dentada 88 Dentes Towner Jr Towner Van Pick-up Effa,2 dias,3,R$ 12,97,false,none
Kit Turbo Ap Mi Pulsativo C Ar E Dh C Turbina 50 S Manômetro,1 dias,1,R$ 3.550,00,false,lider
Tubo Vareta Óleo Sprinter 310 312 412 98/02 70993005,1 dias,2,R$ 94,00,false,gold
Trava Garfo Empilhadeira Hyster H55n 2,5 Ton Codigo 809083,1 dias,1,R$ 178,00,false,lider
Par 2x Friso Borracha Lateral Teto Toyota Hilux 2006 2007,1 dias,1,R$ 559,00,false,none
Buzina Elétrica Náutica 1 Corneta Aço Inox Cromada 12v 41cm,18 dias,25,R$ 245,00,false,platinum
Kit 5 Molas Apoio Assento Banco Dianteiro Celta E Prisma,17 dias,25,R$ 18,27,true,gold
Tecido Navalhado Liso Grafite Original (gm Vectra/corsa Gsi),1 dias,1,R$ 474,81,false,none
Kit 4 Buchas Banco Dianteiro Fiat Palio Uno Fiorino Strada,8 dias,100,R$ 40,00,false,none
Banco Motorista Fiat Uno Mille Fire 2 Portas Usado,11 dias,100,R$ 890,00,false,none
Aro Coifa Câmbio Palio Elx Original Fiat Preta 2004 Até 2014,1 dias,1,R$ 24,99,false,gold
Acabamento/moldura Cinto Gol Quadrado Cinza Par,9 dias,25,R$ 170,00,false,lider
Amortecedor Dianteiro Peugeot 207 Hatch 1.4/ 1.6 Cofap Par,2 dias,2,R$ 740,00,false,none
Kit Bucha Da Caixa Direção Do Ford Fusion (pneu),15 dias,25,R$ 89,68,false,platinum
4 Buchas Amortecedor Traseiro Strada (todas Reforçado Pneu),15 dias,100,R$ 41,19,false,platinum
Terminal Cardan Adaptação S10 4x4 Gm Chevrolet,2 dias,2,R$ 210,00,false,none
Cano Aço 5.5mm 8 Raias 60cm Carabina Pcp .22,15 dias,25,R$ 319,98,false,none
Kit Mangueira Direcao Hidraulica Opala 1975/1990 4cc E 6cc,1 dias,1,R$ 248,46,false,platinum
Cano De Aço 16mm 75cm Alta Pressao Sem Costura,1 dias,2,R$ 134,00,false,none
Cano De Aço 12mm 68cm Parede 3mm Alta Pressao,1 dias,2,R$ 135,00,false,none
Reservatorio Hidraulico De Direcao - Sandero/logan/master,10 dias,50,R$ 121,76,false,none
Quadro Agregado Suspensão Dianteiro Gol G2/g3 Mi 1.0 8v/16v,4 dias,5,R$ 200,00,false,lider
Agregado Sa Suspensão Do I30,1 dias,1,R$ 1.200,00,false,none
Caixa Cambio Automático Picanto 2008 A 2012 P/no A4cf0 Usado,4 dias,5,R$ 4.499,00,false,none
Par Tulipa Com Trizeta Corolla Filder Automatico 2002 À 2008,1 dias,1,R$ 819,99,false,gold
Porta Esquerda New Holland Tm-tl-ts + Amortecedor,1 dias,1,R$ 1.140,00,false,none
Kit 2 Vidros Compatível Com Trator New Holland Tm,1 dias,1,R$ 1.450,00,false,none
Kit 2 Vidros Compatível Com Massey Ferguson 4292,1 dias,1,R$ 1.718,55,false,none
Modulo Subida Vidro Eletrico Quantum Qa 108 (lv108) 4 Portas,24 dias,50,R$ 113,90,false,gold
35 Luz De Posição Lateral Led Ologo Caminhão Carreta Baú,1 dias,1,R$ 1.150,00,false,gold
Mini Led Projeção Lâmpada Estrela Atmosfera Do Carro Decoraç,1 dias,1,R$ 27,90,false,lider
Reservatorio De Ar Caminhoes Mb 1111/1113/1313/1513 E Outros,1 dias,2,R$ 282,98,false,none
2d5572 - Dente Escarificador,4 dias,5,R$ 51,65,false,lider
Kit Molas + Alavanca Le Regulagem Banco Scania S5 Ntg,4 dias,5,R$ 59,90,false,lider
Lona Leve 1,08x5,4 Multiuso 300 Micras 5,4x1,08 Ilhós 0,15cm,1 dias,1,R$ 232,00,false,gold
Geladeira Portátil Caminhão Cab51 47 Litros Elber 12v/24v,1 dias,1,R$ 861,09,false,none
Cinta Para Chicote Elétrico 2,3 dias,3,R$ 7,50,false,none
Bucha Em Poliuretano Da Bieleta Da L-200,5 dias,5,R$ 10,99,false,none
Par De Molas Dianteiras Blindado Azera 2013 Em Diante,1 dias,1,R$ 429,00,false,none
Banco Assento Pro Tork Moto Honda Cg Titan Fan 2000 A 2008,16 dias,25,R$ 128,03,false,gold
Caixa De Filtro De Ar Biz 100 Original Honda Completa,3 dias,25,R$ 138,90,false,lider
Cavalete De Suspensão Traseira Elevador Universal Para Motos,26 dias,50,R$ 101,82,false,lider
Cavalete Traseiro Coyote Universal Pro Tork P/todas As Motos,11 dias,100,R$ 102,85,false,gold
Berço Motor Yamaha Fazer 250 Original 2018 Em Diante,12 dias,50,R$ 99,99,false,none
Punho De Luz Yamaha Xt 660 Mt 03 Tenerè 660z Original Usado,19 dias,25,R$ 639,00,false,lider
Cb 600f Hornet 05/07 Mola Da Pinça Diant Direita Honda Nova,5 dias,5,R$ 119,00,false,lider
Kit C/ 10 Parafuso Do Manete Embreagem Yamaha Ybr 125 Todas,3 dias,3,R$ 37,79,false,gold
Vareta Freio Cromado Cg 125/150,8 dias,50,R$ 80,00,false,gold
Par Peso Pezinho De Guidão Pcx 150 Com Bucha Para Guidão Oco,30 dias,50,R$ 49,79,false,platinum
Manete De Embreagem Bmw Motorrad G 310 Gs 1-cyl 17/20,2 dias,5,R$ 137,00,false,none
Carenagem Original Completo Honda Biz 100 Pro Tork,26 dias,100,R$ 268,52,false,lider
Protetor De Cárter Preto Original Meteor/classic 350,1 dias,1,R$ 540,00,false,gold
Par De Bacalhau Titan 160,11 dias,25,R$ 240,00,false,gold
Escape Varias Motos Pro Tork Esportivo Completo Turbo,1 dias,1,R$ 269,66,false,none
Ponteira Modelo Original Honda Nxr 125 150 Bros 2003 Á 2008,30 dias,50,R$ 181,79,false,gold
Módulo Cdi Yamaha Bc5-00 Fazer 250 2020- Original Semi Novo,18 dias,25,R$ 199,99,false,none
Chicote Tbi Fan 150 Original Honda Usado,1 dias,5,R$ 49,00,false,lider
Kit Chave Ignição Cg Titan 150 Sport 2005 2006 2007 2008,1 dias,1,R$ 252,41,false,none
Kit Pisca Led Xre 300 2020 Novo Paralelo,22 dias,50,R$ 13,33,false,lider
Biela Completa Cb 300 0.3 4v Dohc Gasolina 2009 A 2015,1 dias,1,R$ 137,90,false,none
Radiador Óleo Yamaha Fazer 250 Original Ano 2018 2022,30 dias,50,R$ 129,99,false,none
Cabeçote Fazer 250 Lander 250 Tenere 250 Completo,8 dias,25,R$ 599,99,false,none
Cabeçote Completo Yamaha Fazer 250 2022 Promoção,8 dias,25,R$ 599,00,false,platinum
Corpo De Injeção Honda Bros 160 Original,18 dias,25,R$ 599,99,false,none
Corpo De Injeção Honda Cg 160 Start Original,18 dias,25,R$ 399,99,false,none
Tres Tampas Motor Fan150/titan150 Esd Cromadas,4 dias,5,R$ 700,00,false,none
Corrente Comando Did 104l Crf 230 Fazer Lander Tenere 250,25 dias,25,R$ 124,99,false,gold
Rolamento Agulhado Placa Partida Fazer/lander 250 Original,4 dias,100,R$ 129,99,false,none
Retificador Honda Pcx 150 2016/2018 Original,18 dias,25,R$ 459,99,false,none
Tampa Do Estator Honda Cb 300/xre 300 09/20 Original Usado,12 dias,50,R$ 129,99,false,none
Capa Do Pião Honda Cg 160cc Fan_titan_start Original File,17 dias,25,R$ 40,00,false,none
Ventoinha Yamaha Mt03/r3 Original Usado,3 dias,5,R$ 189,99,false,none
Virabrequim Honda Cg160,26 dias,50,R$ 199,99,false,none
Virabrequim Ybr/xtz/factor 125 Original,9 dias,50,R$ 199,99,false,none
Placa De Partida Honda Cb Twister 250 2016/2021 Original,30 dias,50,R$ 239,99,false,none
Magneto Cg 160 Titan Bros,22 dias,100,R$ 41,00,false,none
Magneto E Placa De Partida Da Honda Fan 160/ Titan 160 Origi,8 dias,100,R$ 49,99,false,none
Câmbio Completo Honda Fan 160 Titan 160 Start 160 Original,24 dias,25,R$ 199,00,false,platinum
Coroa Reduzida 34 Dentes + Pinhão Alumínio Titan 150/160,1 dias,1,R$ 219,90,false,lider
Kit Embreagem Cb300 2009 A 2015 Xre300 2010 2022 Cb Xre 300,4 dias,4,R$ 245,00,false,gold
Engrenagens Da Embreagem Do Motor 2 Tempos 49cc, 80cc, 100cc,6 dias,50,R$ 96,60,false,lider
Tampa Lateral Dt 180 Preto,1 dias,1,R$ 38,95,false,platinum
Caixa De Marcha (câmbio) Yamaha Fazer/lander/teneré 250,12 dias,25,R$ 259,99,false,none
Heliar Htz5 Bateria Cg-125/150/160 Cg/fan/titan/biz/nxr/bros,25 dias,100,R$ 132,99,false,lider
Bateria Heliar Htz7 Cbx250/twister/tornado/cb300/fazer/lande,18 dias,50,R$ 168,90,false,lider
1 Porca Magneto + 1 Par Retentor + 1porca + Anes + 2 Travas,1 dias,1,R$ 131,50,false,none
Pneu Pirelli Cinturato P4 P 175/65r15 84 T,1 dias,2,R$ 244,35,false,none
Kit 2 Pneus Aro 15 Xbri 205/60 R15 91h Forza At 2,1 dias,4,R$ 807,00,false,platinum
Kit 2 Pneu 175/65 Aro 14 Monaco C/inmetro E Garantia,8 dias,100,R$ 569,99,false,gold
Pneu Aro 17 Provato 225/50 R17 98w Xl Sport Green,2 dias,5,R$ 467,43,false,platinum
Pneu Sprinter 225/70r15c 112/110r Cargo Marathon Ii Goodyear,1 dias,2,R$ 495,80,false,none
Kit 2 Pneus Aro 16 Sunset 265/70 R16 112t All-terrain T/a,1 dias,2,R$ 1.651,85,false,platinum
Kit 2 Pneus Radial 195/55 Aro 15 Monaco C/inmetro E Garantia,8 dias,100,R$ 569,99,false,gold
Kit 2 Pneus Aro 17 Provato 225/50 R17 98w Xl Sport Green,1 dias,1,R$ 881,60,false,platinum
Kit 2 Pneus Aro 16 Xbri 205/60 R16 92h Forza A/t 2,1 dias,1,R$ 747,68,false,platinum
Kit 2 Pneus 195/55r16 87v Forceland Vitality F22,30 dias,50,R$ 676,71,false,none
Par Pneu Bicicleta Aro 24x1.95 Levorin Praieiro + Câmara,19 dias,25,R$ 119,47,false,lider
Chumbo Colante Contra-peso Balanceamento 5/10 - 50pçs 3kg,20 dias,25,R$ 78,99,false,lider
Roda Liga Fox Spacefox Crossfox Polo Cinza 15 Com Calota,2 dias,4,R$ 725,00,false,none
Roda Avulsa Aro 20 5x120 Amarok V6 Extreme R87 Bd - 1 Und,3 dias,5,R$ 1.060,00,false,none
Detector De Controle De Alerta De Voz Por Radar De Veículo,17 dias,50,R$ 88,81,false,lider
Chumbo Balanceamento Contra Peso Garra Baixa 05g 100 Un,17 dias,25,R$ 39,90,false,lider
Chumbo Balanceamento Contra Peso Garra Baixa 10g 100 Un,17 dias,25,R$ 42,99,false,lider
Chumbo Balanceamento Contra Peso Garra Baixa 25g 100 Un,2 dias,2,R$ 78,89,false,lider
Cinta Rebocar Guinchar Carros Automóveis Içar Até 3 Tonelada,23 dias,25,R$ 43,45,true,gold
Cadeado Trava Tranca De Disco Freio Moto Antifurto Universal,17 dias,25,R$ 12,00,false,gold
Conversor De Adaptador De Carro Carplay Auto Sem Fio Android,2 dias,3,R$ 212,74,false,none
Controle Longa Distância Stetsom Sx1 Universal 500m Aprender,15 dias,25,R$ 56,75,false,platinum
Trava Frontal Superior Dvd Kd- Av300 Jvc Kd-av500 Av 300,27 dias,50,R$ 32,90,false,lider
Fonte E Carregador Bateria Bivolt Jfa Storm 150a Digital Cca,2 dias,2,R$ 315,00,false,none
Fonte Usina 120-a Amperes Battery Meter Bivolt Digital 12v,2 dias,5,R$ 278,55,false,none
Central Multimídia Universal 2 Din Mp5 Bt Espelha Dvd,23 dias,50,R$ 225,99,false,platinum
Pelicula Proteção Multimídia E Velocímetro Bmw X5 An,1 dias,1,R$ 189,00,false,gold
Régua De Led 4014 24v 28w Barra 1m Branco Frio 144 Leds,5 dias,5,R$ 16,89,false,lider
Kit Xenon Digital Hid H1 H3 H4 H7 H11 Hb4 H27 6000k 8000k,19 dias,100,R$ 78,99,true,none
Iluminação Interna/externa Hyundai Creta N-line,1 dias,1,R$ 160,00,false,none
Tinta Automotiva Material De Pintura Vermelho Breton,1 dias,1,R$ 1.085,23,false,platinum
Aerofolio Polo Gts Gti Black Piano Plástico Abs Não É Fibra,24 dias,50,R$ 599,00,true,gold
Cera Alveolar 1 Kg,2 dias,3,R$ 90,00,false,none
Lava Jato De Alta Pressão Lavadora Vap Recarregável Portáti,11 dias,25,R$ 172,90,true,platinum
Lavadora De Alta Pressão Com Jato Vap Regulável 1200w Kala,23 dias,100,R$ 398,97,true,none
Lavadora Jato De Alta Pressão Recarregável Portátil Sem Fio,22 dias,100,R$ 159,99,false,lider
Lavadora Alta Pressão Portátil Compacta Original Nota Fiscal,24 dias,50,R$ 159,49,false,none
Lava Jato De Alta Pressão Recarregável Portátil Sem Fio,24 dias,25,R$ 271,99,false,platinum
Lava Jato De Alta Pressão Recarregável Portátil Sem Fio,5 dias,5,R$ 195,90,false,none
Lavadora Portátil Alta Pressão Sem Fio Recarregável Bivolt,27 dias,50,R$ 169,90,false,none
Lava Jato De Alta Pressão Recarregável Portátil Sem Fio,26 dias,100,R$ 230,75,true,lider
Lavadora Alta Pressão Compacta Com Mangueira 3m Lk1200w Kala,23 dias,25,R$ 398,97,false,none
Lavadora De Alta Pressão Jato Vap 1200w Kala + Shampoozeira,23 dias,25,R$ 398,97,false,none
Lava Jato De Alta Pressão Recarregável Portátil Sem Fio Mini,20 dias,50,R$ 151,71,false,none
Lava Jato Portátil De Alta Pressão Recarregável Sem Fio Vap,23 dias,25,R$ 149,99,false,none
Pistola Lavadora Portátil Alta Pressão Lava Jato A Bateria,21 dias,25,R$ 249,00,true,lider
Inversora De Solda Digital Mma 226 Bivolt Usk Painel Digital,24 dias,25,R$ 379,89,false,gold
Bomba Pressurizadora De Água - P120 - 220v - Jst,24 dias,50,R$ 227,85,false,none
Bomba Pressurizadora De Água - P120 - 110v - Jst,24 dias,25,R$ 226,35,true,none
Bomba De Água 900 Saída 3/4 Pol 450 Watts Sapo Poço Inove,1 dias,1,R$ 249,99,false,gold
Adubo Orgânico Fortirriza - Kit 1 Und. 500g + 1und. 120g,24 dias,25,R$ 98,00,false,none
Desinfestante Para Gramado Kapina Plus,3 dias,3,R$ 114,90,false,none
Kapina Plus 60ml Rawell - Somente P/ Grama Esmeralda,2 dias,2,R$ 89,90,false,none
V Farcálcio Fosfatado 1kg Suplemento Mineral - Indubras,19 dias,25,R$ 24,67,false,none
Catavento Agro Rural,3 dias,5,R$ 300,00,false,none
Forth Fungicida Concentrado 30 Ml,5 dias,5,R$ 16,93,false,none
Gin Tanqueray London Dry 750 Ml Selo Ipi + Nf Envio Hoje,3 dias,5,R$ 62,00,false,gold
Licor Sheridans Coffeelayered 500ml - Café E Creme + Nf,24 dias,50,R$ 158,17,false,lider
Ballena Licor De Morango Com Tequila 750 Ml Com 2 Copos Shot,2 dias,5,R$ 139,99,false,none
Licor Sheridans Coffeelayered 700ml - Café E Creme + Nf,24 dias,50,R$ 168,17,false,lider
Licor Sheridans 700ml,22 dias,25,R$ 179,60,false,lider
Licor Sheridans 700ml - Original Envio Imediato,25 dias,25,R$ 152,00,false,none
Rum Captain Morgan 750ml + Nf,24 dias,25,R$ 129,17,false,lider
Whisky Macallan Double Cask 15 Anos,1 dias,5,R$ 1.790,00,false,gold
Jack Daniels Maça Verde 1 L Original + Nf Envio Hoje,23 dias,50,R$ 114,00,false,gold
Kit 06 Tesão De Touro Energético Masculino Afrodisíaco 10ml,3 dias,3,R$ 34,90,false,none
Bebida Vegetal Notco Zero Adição De Açúcar Caixa 1l,25 dias,50,R$ 13,23,true,lider
Bebida Lactea Sabor Morango Nesquik 200ml,2 dias,5,R$ 6,60,false,gold
Refrigerante Gasosa Framboesa Cini 600ml Garrafa Vidro,2 dias,3,R$ 16,00,false,none
Guarana Jesus Refrigerante Garrafa 1l Maranhão,28 dias,100,R$ 5,99,false,lider
Vinho Tinto Mosquita Muerta Cordero Con Piel De Lobo Malbec,27 dias,500,R$ 47,50,true,none
Zeosilver Água Estruturada 30ml,4 dias,5,R$ 88,00,false,gold
Água Mineral Sem Gas 240ml Kit 24un Festas Eventos Reuniões,23 dias,50,R$ 39,77,false,none
Água Mineral Lindoya C Gás 300ml,5 dias,5,R$ 8,70,false,gold
Creme De Leite 0 Piracanjuba Sw,2 dias,5,R$ 7,40,false,none
Leite Longa Vida Itambé Natural Milk 1 Litro,17 dias,50,R$ 158,99,false,none
Lámen De Arroz Sem Glúten Karui Sabor Carne 78g,4 dias,5,R$ 5,01,false,lider
Arroz Quebrado Integral Orgânico Biodinâmico 5kg - Volkmann,2 dias,2,R$ 47,90,false,lider
Arroz Para Sushi Grao Curto Cateto Integral Yanagi 1kg,4 dias,5,R$ 23,00,false,platinum
Milho Torrado 1kg Mostarda E Mel Alta Qualidade Premium,4 dias,4,R$ 41,99,false,none
Aceto Balsâmico Millan 250ml Rotúlo Preto Vinagre Balsâmico,16 dias,50,R$ 65,00,false,none
Adoçante Stévia 40g | Color Andina | 100% Natural | 2 Potes,24 dias,50,R$ 103,99,false,lider
Açúcar De Coco 350g - 100% Natural - Copra,20 dias,25,R$ 29,94,true,none
Barra Bold Trufa De Chocolate 60g,25 dias,25,R$ 14,49,true,none
Kit 2 Display Com 12 Unidades Barra Bio2 Orgânica Frutas 38g,1 dias,1,R$ 176,74,false,none
Leite Condensado Semidesnatado Piracanjuba Kit Com 2 Unidade,19 dias,25,R$ 6,99,false,none
Leite Condensado Semidesnatado Nestlé Moça Caixa 395g,19 dias,50,R$ 6,99,false,lider
Kit 2 Callebaut 70-30-38 Meio Amargo 70.5% 400g,17 dias,50,R$ 69,99,false,gold
Chocolate Branco Toblerone White 100g Importado Suíça,2 dias,5,R$ 19,99,false,lider
Kit 4 Barras Chocolate Ouro Branco Sonho De Valsa Lacta 98g,26 dias,100,R$ 43,79,false,none
Display Chocolate Trento 16x23g Todos Os Sabores Oferta,4 dias,5,R$ 39,90,false,lider
Chocolate Granulado Split Grande 9z Callebaut Ao Leite 1kg,18 dias,25,R$ 112,99,false,gold
Nutella Grande 650g,3 dias,3,R$ 19,90,false,none
Doce De Bananinha Zero Açucar 10x23g Promoção,23 dias,25,R$ 14,98,true,lider
Café Torrado E Moído Melitta Sabor Da Fazenda Caixa 500g,19 dias,25,R$ 21,90,true,gold
Chá Plan 30 Dias Original Té Guarani,5 dias,5,R$ 41,90,false,lider
Kit 30 Capsulas Café Nespresso Original Ristretto Italiano 3,1 dias,1,R$ 84,00,false,none
20 Cápsulas Três Corações + Adaptador Para Dolce Gusto,25 dias,25,R$ 79,92,false,none
Leite De Arroz Em Pó Original Risovita Caixa 10 Unidades,13 dias,25,R$ 189,89,true,platinum
Leite De Cabra Em Pó Integral Caprilat 400g - Produto Outlet,10 dias,25,R$ 46,83,false,platinum
Tomate Pelado Em Cubos Lata 390g Liquido 240g Drenado Olé,18 dias,25,R$ 7,55,true,gold
Molho De Manga E Vinagre - Orgânico - Soul Brasil 250ml,3 dias,5,R$ 34,90,false,none
Manteiga Clarificada Ghee 200g Sem Lactose Com Sal Rosa,3 dias,3,R$ 31,99,false,none
Wrap Tradicional 240g Vegano Sem Glúten Jasmine,2 dias,4,R$ 21,99,false,gold
Torrada Multigrãos Pack 284g Bauducco,16 dias,25,R$ 17,00,false,none
Castanha Do Pará Quebrada 1kg - Clarinha - Novinha,17 dias,50,R$ 48,49,false,platinum
Banana Passa 1kg Natural Sem Açúcar,3 dias,5,R$ 22,50,false,gold
4.kg Tapioca Flocada Do Pará Tipo Isopor,1 dias,1,R$ 199,00,false,none
Kit 28 - Banheira Externa Européia Pássaros - 400 Ml Cristal,1 dias,1,R$ 451,40,false,platinum
Chocadeira Automatica Profissional Digital 92 Ovos,16 dias,25,R$ 799,00,false,none
Guia Retratil Médio Porte 5mts Ate 10kg - American Pets,5 dias,50,R$ 26,08,false,none
Rasqueador Cabo Plástico Com Patinhas N.02 - American Pets,5 dias,5,R$ 12,08,false,none
Rasqueador Cabo Plástico Co Patinhas N.1 Peq - American Pets,5 dias,5,R$ 11,38,false,none
Tapete Higiênico Cães 80x60 Super Seco Carvão Black Pads30un,23 dias,100,R$ 79,00,false,lider
Tapete Higiênico Super Secão Trad/citrus Petix 80x60 90un,23 dias,25,R$ 299,90,false,gold
Tapete Higiênico Fralda Cachorro Pet Rauf Neutro 50x60 C/28,3 dias,3,R$ 31,99,false,none
50 Tapetinho Higiênico Caes Clinica Veterinaria 80x60 Premio,25 dias,25,R$ 78,00,false,platinum
Petisco Dentastix Raças Grandes 270g Cuidado Oral C/ 7 Unid.,30 dias,50,R$ 22,90,true,platinum
Tapete De Lamber Para Cães Gatos Pet Comedouro Lento Ventosa,6 dias,25,R$ 20,97,false,platinum
2 Jogo Americano Tapete Comedouro Pet Gato Cachorro 23x26cm,1 dias,1,R$ 28,95,false,none
Casa Casinha Cachorro Pet Plástica N5 Grande Proteção Chuva,4 dias,25,R$ 194,99,false,gold
Caminha Pet Impermeável Cama Pet Pra Cachorro Grande 75x60,1 dias,1,R$ 229,90,false,lider
Manta Cobertor Mantinha Pet Soft Pet Para Cachorro Gato Cães,22 dias,50,R$ 13,06,false,none
Top 1º Desinfetante Contra Germes & Bactericida Vet+20 5 L,24 dias,25,R$ 223,99,false,lider
Papel Jornal Fardo De 10kg Pacote Limpo Folhas Grandes Pet,26 dias,50,R$ 59,30,false,lider
Jornal Pet 5kg 250 Folhas Grandes,30 dias,50,R$ 59,99,false,none
Saco Para Coco De Cachorro C/12 Rolos Com Suporte Para Guia,2 dias,25,R$ 42,50,false,lider
Saco Para Cocô De Cachorro Biodegradável,2 dias,25,R$ 24,60,false,lider
Cata Caca C/12 Rolos Para Cachorro Pet,2 dias,5,R$ 42,50,false,lider
Máquina De Tosa Profissional P/ Pets Caes Gatos Cachorro,26 dias,50,R$ 54,46,true,lider
Coleira Antipulgas E Carrapatos Cães E Gatos Seresto Até8kg,6 dias,100,R$ 113,98,false,gold
Previcox 227mg 10 Comprimidos Anti-inflamatório,15 dias,25,R$ 184,80,false,platinum
Apoquel 16mg Dermatológico Anti Coceira Cães,13 dias,25,R$ 318,00,false,none
Meias Pet Antiderrapante Para Cachorro E Gato Tamanho P M G,18 dias,25,R$ 6,99,false,platinum
Canil Gaiola Vertical 3 Lugares Cães Cachorro Pet Shop Tosa,5 dias,5,R$ 769,90,false,none
Rampa Cachorro Pet Antiderrapante Ajustável Regulável Mdf,23 dias,25,R$ 62,00,true,none
Escada Pet Rampa Madeira P/ Cachorro Idoso Antiderrapante,11 dias,50,R$ 78,30,false,gold
Escada Pet Para Cachorro E Gato Com 3 Degraus Em Suede,5 dias,5,R$ 186,91,false,gold
Mochila Bolsa Caguru Transporte Passeio Pet Cachorro Gato,25 dias,50,R$ 47,90,false,lider
Mochila Pet Visão Panorâmica Astronauta Cachorro Gato Cão,20 dias,25,R$ 86,91,false,none
Vitapulmin Gel Syntec 500ml,17 dias,25,R$ 118,00,false,none
Kit Fluidoterapia Subcutanea- Cães E Gatos 5unidades,20 dias,25,R$ 95,00,false,none
Doraequi Plus Vermífugo Doramectina Para Equino 35g - Vetnil,3 dias,4,R$ 153,00,false,none
Gaiola Para Pássaro Viveiro Oval E Triangular Savana Pet,25 dias,25,R$ 39,90,true,gold
Newpet Sensor Sem Fio Bebedouro Fonte Gato Cão Purifica 2.6l,22 dias,25,R$ 217,56,false,gold
Kit Brinquedo Túnel Gato Abacate Catinp Escova De Canto,25 dias,25,R$ 75,04,true,gold
Brinquedo Borboleta Voadora Rotativa Elétrica Para Pet Gato,23 dias,25,R$ 39,90,true,gold
Brinquedo Borboleta Voadora Rotativa Elétrica Para Pet Gato,23 dias,25,R$ 39,90,true,gold
Arranhador Gatos Pet Sofá Cama Box Com 60cm Altura 2 Peças,30 dias,50,R$ 103,55,false,gold
Arranhador Casa Apartamento Gatos 3 Andares Rede Tunel Luxo,19 dias,25,R$ 289,90,false,none
Arranhador Casinha Apartamento Gatos 3 Andares Rede Tunel,25 dias,25,R$ 299,00,false,none
Arranhador Gatos Cadeira Sofá De Sisal Regulagem Altura,25 dias,25,R$ 149,90,false,gold
Areia Sanitária Kelco Pipicat Multi-cat - 12kg,30 dias,100,R$ 42,99,false,platinum
Granulado Sanitário Para Gatos Pipicat Classic 12 Kg,1 dias,2,R$ 83,80,false,lider
Rampa Cachorro Pet Antiderrapante Ajustável Regulável Mdf,23 dias,25,R$ 62,00,true,none
Escada Pet Rampa Madeira P/ Cachorro Idoso Antiderrapante,11 dias,50,R$ 78,30,false,gold
Escada Pet Para Cachorro E Gato Com 3 Degraus Em Suede,5 dias,5,R$ 186,91,false,gold
Abelha Sem Ferrão Uruçu Amarela-bugia Meliponário Little Bee,13 dias,25,R$ 600,00,false,none
Projeto De Mesa De Cabeceira Desing - Dg,2 dias,3,R$ 12,45,false,none
1 Fita Ibm 6746 6783 Maq Escrever C/ Garantia Remanufaturada,5 dias,5,R$ 185,00,false,none
Película Superstar Ss 158 Edx,1 dias,2,R$ 30,00,false,none
Anti Respingos Com Silicone 280gr - Mundial Prime,20 dias,100,R$ 23,13,false,none
Gravador K7 Nacional Usado Cassete Portátil Antigo,3 dias,3,R$ 125,00,false,lider
Tazos O Maskara Elma Chips Impecáveis Do 1 Ao 40,2 dias,2,R$ 286,00,false,none
Lote De Cartas Antigas Brasil Portugal Mundo Usada Correio,4 dias,4,R$ 44,00,false,lider
Bordado Patch Termocolante Fbi Department Of Justice,3 dias,4,R$ 17,90,false,none
Conversão 13 Fitas K7/vhs/vhs(mini) Para Dvd/pendrive/cartão,1 dias,1,R$ 325,00,false,none
Parafina Granulada 1kg Macro 140/145,4 dias,5,R$ 29,90,false,none
7 Acetatos Bco Translucido 1,20 M X 30 Cm -2 Mm De Espessura,1 dias,1,R$ 279,30,false,lider
Quadro De Avisos Animado Balão Home Office,5 dias,25,R$ 89,99,false,lider
Placa Para Parede Decorativa Em Cortiça - Promoção,5 dias,5,R$ 89,90,false,none
Placa De Cortiça Portuguesa 100% Sustentável 6 Mm Importada,5 dias,5,R$ 44,90,false,none
Cortiça Em Rolo 900 X 600 X 5 Mm 01 Placa,5 dias,50,R$ 89,90,false,none
Rolo De Cortiça Natural Revestimento Interiores Decor Design,5 dias,5,R$ 37,99,false,none
Placa De Cortiça Para Mural E Painel De Fotos Quadro,5 dias,50,R$ 37,99,false,none
Quadro De Avisos Em Cortiça Formato Mosaico Hexágono 4 Pe,5 dias,25,R$ 49,99,false,none
Placa De Cortiça - Unidade 60x45 2mm,5 dias,5,R$ 21,16,false,none
Placa Para Isolamento Térmico Acústico De Cortiça Portuguesa,5 dias,5,R$ 49,00,false,none
Painel De Fotos Rústico - Decoração Moderna Para Casa Luxo,5 dias,5,R$ 79,00,false,none
Quadro Painel Para Fotos - Mural Decoração 4 Pçs,5 dias,5,R$ 38,25,false,none
Placa Cortiça Unidade 45x60 5mm Para Parede,5 dias,50,R$ 34,95,false,none
Cortiça Em Rolo 90cm X 60cm X 5mm 01 Placa P / Painel Recado,5 dias,25,R$ 89,90,false,none
Cadarços Silicone Formato Martelo Adultos E Criança 16 Peças,1 dias,1,R$ 19,99,false,none
Lã Fio Urbano Circulo 100g 110m Inverno 2023 Tex 909(grosso),21 dias,25,R$ 29,00,false,lider
Papa Bolinhas Elétrico Removedor Pelos Fiapos Roupas Sem Fio,16 dias,25,R$ 41,24,true,gold
Papa Bolinha Profissional Recarregável Tira Pelos Roupas Usb,16 dias,50,R$ 38,90,false,none
Removedor Pelos Fiapos Roupas Papa Bolinha Elétrico Sem Fio,16 dias,25,R$ 45,99,false,none
Kit 6 Patch's Bordados Sp 148 Sp 150 Sp 160, Botton, Aplique,1 dias,1,R$ 53,32,false,none
Kit Maleta Miçangas Artesanato Menino 2000 Peças + Brinde,20 dias,25,R$ 45,00,false,gold
Pistola De Cola Quente Princess Lilás Bico Fino - Bivolt,3 dias,3,R$ 130,10,false,lider
20 Big Bag Para 1500 Kg Modelo C1 90x90x1.40,3 dias,3,R$ 720,00,false,gold
Tecido Oxford Liso 10,00 X 1,50 Metros - Varias Cores,25 dias,50,R$ 78,99,true,lider
20 Big Bag Para 1500 Kg Modelo C1 90x90x1.40 Ff/ba,3 dias,3,R$ 720,00,false,gold
Calçadeira Profissional De Madeira Com Alça Extra Longa 70,1 dias,1,R$ 78,72,false,lider
6 Unidades / Conjunto Masculino, Feminino, Cedro, Madeira,,2 dias,2,R$ 206,20,false,none
Lote Papeis E Holler Clientes Comtip,9 dias,25,R$ 50,00,false,none
Guilhotina De Papel A4 Em Aço Com Trava Até 12 Folhas,15 dias,25,R$ 75,04,false,none
10 Rolos Fitas Adesivas Larga Transparente 500m Pra Caixa,19 dias,100,R$ 134,99,false,platinum
Fita Adesiva Vedação Pvc Impermeável Banheiro Pia Box Rodapé,16 dias,100,R$ 43,06,true,gold
Calculadora Científica Display De 2 Linhas Com 240 Funções,3 dias,25,R$ 20,72,false,none
Carimbo Rolo Proteção Informações Privacidade Original 1 Un.,4 dias,5,R$ 28,90,false,none
Capa Para Encadernação A4 Preta Couro Fundo 100 Un,17 dias,100,R$ 42,60,false,platinum
Capa Para Encadernação Verde Petróleo A4 Pp Couro 100 Un,15 dias,50,R$ 51,68,false,platinum
Espiral Para Encadernação Branco 17 Mm Para 100 Folhas 100un,4 dias,25,R$ 40,97,false,platinum
Wire-o Para Encadernação A5 1 1/4 2x1 Para 270fl Bronze 12un,4 dias,100,R$ 48,77,false,platinum
Espiral Para Encadernação Branco 20 Mm Para 120 Folhas 70un,4 dias,25,R$ 56,89,false,platinum
Espiral Para Encadernação Preto 33mm Para 250 Folhas A4 25un,10 dias,100,R$ 39,13,false,platinum
Furador De Papel 4 Furos A4 Fichário Reforçado Até 20 Folhas,25 dias,25,R$ 74,70,false,gold
1.000 Etiqueta Térmica 10x15 /100x150 Formato Resma,17 dias,25,R$ 61,74,false,platinum
Tinta Hero Pt 40ml + Conversor Prof P/lamy E Outras Tinteiro,1 dias,1,R$ 65,90,false,none
Estojo Escolar Organizador Box Grande Jumbo 100 Pens,17 dias,25,R$ 38,28,false,lider
Glitter Aditivo De Brilho Para Tinta 500g,30 dias,50,R$ 42,00,false,none
Ebook Egredi Safra,2 dias,2,R$ 8,19,false,none
Tinta De Tecidos Roupas Estofados Carpetes - Tingespray,12 dias,25,R$ 31,90,false,none
Tinta Borracha Líquida Bautech 20kg Escolha A Cor,3 dias,4,R$ 359,90,false,platinum
Esmalte Sintético Base Água 3,6lts Multi Superfícies Cores,30 dias,50,R$ 159,90,false,none
Tinta Óleo Esmalte Sintetico Real Metais Madeira 3,6l,30 dias,50,R$ 74,10,false,none
Kit 2 Válvulas Silicone Avent Copos Dinossauro,9 dias,25,R$ 49,99,false,lider
Infatrini 400g Fórmula Infantil - Danone Kit Com 2 Latas,3 dias,5,R$ 239,99,false,platinum
Fórmula Infantil Enfamil Premium 1 - Kit Com 4 Latas,1 dias,2,R$ 796,00,false,lider
Pregomin Pepti 400 G - Danone,5 dias,5,R$ 159,80,false,lider
Aptamil 2 Profutura 800 Gramas,12 dias,25,R$ 78,00,false,gold
Carrinho Infantil Empurrar Bebê De Passeio Criança Mini Jipe,10 dias,25,R$ 297,49,false,gold
Moto Passeio Infantil Criança Menino Pedal Velotrol Totoka,4 dias,4,R$ 515,99,false,none
Quadriciclo Infantil Carro Passeio Pedal Haste Moto Spyder,4 dias,5,R$ 480,99,false,none
Bicicleta De Equilíbrio Infantil Sem Pedal Castela Brasil,17 dias,25,R$ 159,97,false,platinum
Bicicleta Andador Infantil 4 Rodas Sem Pedal Bike Equilíbri,5 dias,5,R$ 245,00,false,platinum
Velotrol Infantil Motoca Velocipede Motoquinha Escolha A Cor,9 dias,25,R$ 148,68,false,platinum
Motoca Triciclo Infantil Top Joy Promoção Dia Das Crianças,24 dias,25,R$ 138,06,false,lider
Triciclo Motoca Infantil Tonquinha Com Proteção E Empurrador,25 dias,50,R$ 172,80,false,none
Triciclo Ultra Bikes Motoca Velotrol Para Crianças Promoção,24 dias,50,R$ 165,68,false,lider
Banheira Retrátil Infantil Dobrável De Silicone Para Viagem,19 dias,50,R$ 139,39,false,platinum
Chuveirinho Extensor De Torneira Economia De Água Sanfonado,4 dias,5,R$ 11,99,false,none
Pinico Mictório Menino Sapo Sapinho Infantil Desfralde Bebês,15 dias,25,R$ 36,95,true,gold
Pinico Mictório Infantil Portátil Sapinho Desfralde Xixí Kid,16 dias,25,R$ 25,00,true,lider
Caranguejo Brinquedo Fujão Bebe Indução Sr Joe Usb Musica,24 dias,50,R$ 112,04,true,gold
Brinquedo De Água Feito À Mão Y 3d, Conjunto De Brinquedos D,16 dias,25,R$ 132,84,false,lider
Tapete Tatame Infantil Emborrachado Dupla Face Bebe Dobravel,30 dias,50,R$ 167,92,true,platinum
Brinquedo Aquático 3d Hecho A Mano, Jogo De Brinquedos De Ha,23 dias,25,R$ 121,97,false,lider
Colar Mordedor Sensorial Silicone Autismo Ansiedade*promoção,12 dias,50,R$ 20,49,true,lider
Mordedor Biscoito Colar Sensorial P/ Autistas Ansiedade Tdah,17 dias,25,R$ 23,65,false,gold
Fralda Pampers Confort Sec P 72 Unidades,1 dias,5,R$ 51,45,false,none
Fraldas Pampers Confort Sec Xg 148 U,23 dias,25,R$ 235,00,false,none
Fralda Descartável Infantil Pampers Confort Sec Xxg Kit C/3,1 dias,1,R$ 284,90,false,none
Fralda Pampers Confort Sec,10 dias,25,R$ 53,99,false,none
Fraldas Xxg 56 Unidades Pampers Premium Care,2 dias,5,R$ 46,95,false,none
Fralda Descartável Pampers Confort Sec Xg 116 Unidades,1 dias,5,R$ 99,50,false,none
Fraldas Pom Pom Derma Protek G 68 U,1 dias,5,R$ 39,45,false,none
Fraldas Mamypoko Dia&noite Calça Xxg 36 U,1 dias,5,R$ 45,40,false,none
Fralda Infantil Descartavel Vic Baby G C/80,1 dias,4,R$ 38,72,false,none
Huggies Fralda Recém Nascido Rn/34,2 dias,5,R$ 34,99,false,gold
Fraldas Pampers Confort Sec Xg 148 Unidades Pacote Econômic,1 dias,1,R$ 131,45,false,none
Fralda Needs Baby Ultrasafe Xxg 54 Unidades,2 dias,3,R$ 69,90,false,none
Shampoo Infantil Huggies Extra Suave Com Aplicador - 600ml,5 dias,5,R$ 36,90,false,none
Toalhas Umedecidas Fiesta (100 Unidades),16 dias,25,R$ 5,99,false,platinum
Kit C/8 Toalha Umedecida Para Bebês Turma Da Alegria C/70,2 dias,5,R$ 22,79,false,none
Bolsa Maternidade Com Laço Impermeável Bebê Menino Menina,27 dias,50,R$ 110,00,false,lider
Mochila Bebê Maternidade Menina E Menino Varias Cores,30 dias,100,R$ 39,59,true,lider
Kit Maternidade Personalizado 4 Peças,1 dias,1,R$ 539,99,false,none
Caderneta De Vacinação Personalizada Clean - C/ Nome Do Bebê,21 dias,25,R$ 32,00,false,none
Cadeirinha De Carro Assento Infantil Criança Bebê 1 A 11,4 dias,5,R$ 329,19,false,gold
Assento De Elevação Para Carro Infantil Elevato - Tutti Baby,19 dias,25,R$ 94,90,false,none
Cadeirinha Assento Infantil Criança Bebê Para Carro Barato,4 dias,4,R$ 329,19,false,gold
Colchão 130x70 P Berço Americano D18 Antiálergico F Grátis,25 dias,25,R$ 143,97,false,lider
Colchão Berço Americano 130x70 Infantil Macio Antiálergico,25 dias,25,R$ 143,97,false,lider
Quarto Cama Solteiro Bruna 100% Aço Industrial Oferta Full,20 dias,25,R$ 394,25,false,platinum
Berço Mosquiteiro Americano Bebê Vira Mini Cama Com Colchão,5 dias,5,R$ 549,00,false,gold
Berço Padrão Americano Com Colchão + Haste Mosquiteiro Full,17 dias,50,R$ 569,77,false,platinum
Pillow Top Bebê Para Berço 1,50 X 0,70 100% Algodão Novo,1 dias,2,R$ 151,99,false,platinum
Kit 8 Quadros Infantil Esporte Com Acetato Moldura Branca,1 dias,1,R$ 499,90,false,none
Kit Higiene Bebê 06 Peças Personalizado,1 dias,1,R$ 175,90,false,none
Conjunto Mauricnho Infantil Linho Menino Verao Carnaval,1 dias,1,R$ 69,99,false,gold
Conjunto Kvani Infantil Masculino Estiloso Camiseta Bermuda,6 dias,25,R$ 44,90,false,gold
Kit 35 Enxoval Maternidade Bebê Roupa Macacão Menino Menina,16 dias,25,R$ 197,99,false,gold
Colar De Âmbar Para Bebês Original Certificado Várias Cores,30 dias,50,R$ 119,90,true,lider
Pulseira Tornozeleira Âmbar Para Bebês Original Certificada,30 dias,50,R$ 69,90,true,lider
Babá Eletrônica Câmera Wifi Sem Fio Visão Noturna Microfone,29 dias,100,R$ 67,20,true,platinum
Babá Eletrônica Câmera Wifi Sem Fio Visão Noturna Microfone,10 dias,25,R$ 59,00,true,platinum
Babá Eletrônica Câmera Wifi Sem Fio Visão Noturna Sensor Nfe,16 dias,25,R$ 71,46,true,platinum
Babá Eletrônica Câmera Wifi Sem Fio Visão 3 Antenas,2 dias,3,R$ 79,20,false,lider
Grade Portão Proteção Pet Cachorro 69 A 84 Cm Criança Cães,25 dias,25,R$ 78,90,true,platinum
Grade De Proteção Cama Casal Solteiro Bebês E Idosos 120x54,3 dias,3,R$ 78,99,false,platinum
Escova Secadora Rotativa Pec05v Ceramic Spin Ion Brush 127v,12 dias,50,R$ 209,00,true,none
Escova Rotativa Philco Ceramic Ion Brush Pec05v,25 dias,50,R$ 208,99,false,gold
Escova Rotativa Ceramic Spin Íon Brush Pec05v Philco 220v,24 dias,25,R$ 214,90,false,gold
Escova Secadora 3 Em 1 Profissional C/ Óleo De Argan 1200w,16 dias,25,R$ 178,41,false,gold
Máquina Profissional Acabamento Cabelo Barba Recarregável,13 dias,100,R$ 24,95,true,gold
Máquina Profissional Acabamento Cabelo Barba Recarregável,17 dias,100,R$ 21,44,false,platinum
Maquina Acabamento Recarregável Cabelo Barba Sem Fio Premium,26 dias,100,R$ 25,84,true,gold
Maq.prof. Wmark Ng 409 + Acabamento Ng 509 + Shaver Ng 988,5 dias,5,R$ 599,99,false,platinum
Capa De Corte Cabelo Infantil Barbeiro Estampada Heróis,4 dias,4,R$ 19,80,false,none
Kit 3 Escovas Profissionais Cabelo Cerdas De Javali,25 dias,50,R$ 78,90,false,none
Kit 10 Unidades Presilha Laço Redinha Para Cabelo Promoção,25 dias,25,R$ 36,90,false,platinum
Pente Inquebravel (pente Durão) Masculino Preto Cx 24 Unid,30 dias,100,R$ 19,99,false,none
Kit 3 Tesouras Profissionais Barbeiro Fio Navalha Desbaste,27 dias,50,R$ 109,56,true,platinum
Cabelo Jumbo Curl French Braid Trança Com Cachos 400g 60cm,18 dias,25,R$ 72,59,false,gold
Mini Barbeador Portátil Elétrico Recarregável Prova D'água,26 dias,50,R$ 39,99,true,gold
Barbeador Aparador De Barba Portátil Elétrico Recarregável,23 dias,25,R$ 44,64,true,lider
Kit Com 10 Aparelho De Barbear Gladiator + Power Ref360,23 dias,25,R$ 9,99,true,none
Carga Gillette Mach 3 Turbo - 4 Unidades,4 dias,4,R$ 93,58,false,none
Carga Para Lâmina De Barbear Gillette Mach3 Sensitive 32u,30 dias,50,R$ 209,01,false,none
Tela De Reposição Máquina Shaver Kemei 2026 2027 E 2028,2 dias,2,R$ 52,99,false,gold
Kit 2 Refil Lâmina De Reposição Para Oneblade Qp210/50p,29 dias,100,R$ 109,70,false,platinum
Navalhete Vertix Prorazor Em Aço Inox Cód:1922,1 dias,1,R$ 64,21,false,none
Kit 2 Balm Barba - Terra - 140 Ml - Viking - Alta Hidratação,2 dias,3,R$ 61,98,false,none
Varicosecare Max 20g Poderoso Eliminador De Varizes Original,19 dias,25,R$ 137,70,false,platinum
Conjunto Todanoite Creme Noturno Chá De Camomila E Lavanda,1 dias,2,R$ 68,04,false,none
Esfera Cromoterapia Facial Rosa Massagem Com Suporte - Par,19 dias,25,R$ 27,90,false,gold
Vaporizador Facial Kingdom K33s De Ozônio Portátil 110v 220v,13 dias,25,R$ 184,24,true,none
Clinoptilolita Premium 300g,20 dias,25,R$ 162,00,true,gold
Green Mask Facial Original Remove Espinhas Cravos Acne,16 dias,50,R$ 29,00,false,none
Toalha Desidratada Compacta Descartável Multiuso C/ 50un,30 dias,50,R$ 28,90,true,none
Lipopress® Liporredutor 5 Frascos De 10 Ml Smart Gr,5 dias,5,R$ 282,00,false,none
1 Mini Spray Frasco Porta Perfume De Bolso Recarregável,26 dias,50,R$ 6,99,true,lider
Kit 3 Protetor Labial Carmed Fini Beijos Bananas Dentaduras,1 dias,5,R$ 94,90,false,gold
Hidratante Labial Carmed Maçã Do Amor Gloss 10g,15 dias,25,R$ 39,49,false,none
Kit 3 Protetor Labial Carmed Fini Beijos Bananas Dentaduras,28 dias,50,R$ 124,30,false,none
50 Frascos Vidro Âmbar Rollon 5ml Tampa Dourada + Brindes,2 dias,2,R$ 179,00,false,gold
Hidratante Labial Carmed Fini Beijos,1 dias,2,R$ 36,28,false,gold
Kit 3 Protetor Labial Carmed Fini Beijos Bananas Dentaduras,24 dias,50,R$ 129,50,false,none
Kit 2 Carmed Fini Lip Balm Hidratante Gloss Protetor Labial,29 dias,50,R$ 98,72,false,gold
Pomada Modeladora Matte - Shark Barber,5 dias,5,R$ 34,90,false,platinum
Cera Para Textura Bed Head Tigi Hair Stick 75gr/77ml,10 dias,25,R$ 139,90,false,gold
2 Pomadas Cera Finalizadora Modelador Bastão Wax Stick Ikt,13 dias,25,R$ 99,65,false,gold
Kit Repos Ceras Depilatórias,1 dias,1,R$ 618,38,false,lider
Gel Lubrificante Íntimo 250ml Red Lube Extra Thick,20 dias,25,R$ 41,81,true,lider
Kit Com 10 Aparelho De Barbear Gladiator + Power Ref360,23 dias,25,R$ 9,99,true,none
Kit 6 Bloqueadores De Odores Sanitários Original Freecô 60ml,1 dias,1,R$ 138,00,false,lider
Dentadura Universal Newsmile Superior+ Inferior Frete Grátis,3 dias,5,R$ 199,90,false,platinum
Clareador De Dentes - Pasta Dental Roxa - Resultado Rápido!,22 dias,50,R$ 74,57,false,platinum
2 Unidades De Creme Dental Branqueador V34 Repara Dentes E M,24 dias,100,R$ 63,81,false,platinum
Creme Dentário Branqueador Hi-smile V34/repara 2 Unidades,16 dias,100,R$ 69,81,false,lider
5 Unidades De Creme Dental Branqueador V34 Repara Dentes E M,27 dias,50,R$ 94,41,false,platinum
Creme Dentário Branqueador Hi-smile V34/repara 4 Unidades,13 dias,50,R$ 88,66,false,lider
Creme Dentário Branqueador Smile-ease V34/repara 2 Unidades/,12 dias,50,R$ 60,22,false,none
Creme Dentário Branqueador Smile-ease V34/repara 3 Unidades,20 dias,50,R$ 83,15,false,platinum
Creme Dentário Branqueador Smile-ease V34/repara 2 Unidades,20 dias,25,R$ 70,01,false,platinum
Creme Dentário Branqueador Hi-smile V34/repara 4 Unidades,13 dias,25,R$ 93,48,false,none
Clareia Os Dentes E Corrige A Pasta De Dentes Amarelos,2 dias,2,R$ 51,61,false,platinum
Creme Dentário Branqueador Smile-ease V34/repara 2 Unidades/,1 dias,1,R$ 53,73,false,none
Besmille Clareador Dental V34 30ml + Frete Por Conta Da Casa,24 dias,50,R$ 199,00,false,none
Besmile Clareador Dental V34 30ml + Frete Por Conta Da Casa,25 dias,25,R$ 199,90,false,none
Besmille Clareador Dental V34 30ml Restaurador De Sorrisos,24 dias,25,R$ 199,90,false,none
Clareamento Dental Whiteness Perfect 22 Kit 4 Gel + Moldeira,2 dias,5,R$ 80,96,false,none
3 Unidades Whiteness Perfect 22%,5 dias,25,R$ 67,90,false,platinum
Clareador Dental Whiteness Perfect 22% 6 Unidades,5 dias,25,R$ 115,90,false,platinum
3 Seringas Whiteness Perfect Simple 22% Clareador Dental Fgm,5 dias,25,R$ 42,90,false,platinum
Clareador Dental Whiteness Perfect 16% 5 Unidades,5 dias,5,R$ 104,90,false,platinum
Clareador Dental Whiteness Perfect 22% 3 Unidades,5 dias,5,R$ 67,90,false,platinum
Kit Clareamento Whiteness Perfect 22% Fgm,5 dias,5,R$ 109,00,false,platinum
2 Seringas Clareador Dental Whiteness Class 10% - Fgm,4 dias,5,R$ 50,90,false,platinum
4 Seringa Clareamento Caseiro Whiteness Perfect 22% Original,5 dias,5,R$ 78,90,false,platinum
1 Seringa Clareador Dental Whiteness Perfect 16% - Fgm,5 dias,5,R$ 27,90,false,platinum
Clareador Dental 22% Whiteness Perfect 22 - 2/seringas - Fgm,4 dias,5,R$ 50,90,false,platinum
2 Unidades Whiteness Perfect 16% + 1 Par De Moldeira,4 dias,5,R$ 61,90,false,platinum
Clareador Dental White Class 10% Reposição - Fgm,5 dias,5,R$ 27,90,false,platinum
Whiteness Perfect 16% 3 Unidades,5 dias,5,R$ 67,90,false,platinum
Combo Whiteness Perfect 16% + 10% 6 Unidades,4 dias,4,R$ 114,90,false,platinum
Kit Clareamento Caseiro Whiteness Perfect 22% + Moldeiras,5 dias,5,R$ 111,00,false,platinum
2 Seringas Whiteness Perfect 16% + Moldeira E Estojo,5 dias,5,R$ 61,90,false,platinum
Clareador Dental White Class 10% Reposição - 6/un - Fgm,5 dias,5,R$ 114,90,false,platinum
Kit Clareamento Caseiro Whitness Perfec 04 Gel Com 3g,1 dias,1,R$ 71,53,false,none
Whiteness Perfect 22% 6 Unidades + 2 Par De Moldeira,4 dias,5,R$ 155,90,false,platinum
Kit Whiteness Perfect Simple 22% C/6 + 2 Pares De Moldeiras,5 dias,5,R$ 115,90,false,platinum
5 Seringa Clareamento Caseiro Whiteness Perfect 22% Original,5 dias,5,R$ 109,90,false,platinum
Combo Whiteness Perfect 16% + 10% 2 Unidades,4 dias,4,R$ 47,90,false,platinum
Kit Clareamento Whitness Perfec 04 Gel + Moldeira Clareador,2 dias,5,R$ 80,96,false,none
Creme Dental Branqueador V34 Repara Dentes E Melhora O Mar,24 dias,50,R$ 59,63,false,platinum
Clareador Dental Whiteness Perfect 22 Kit 4 Gel + Moldeira,2 dias,2,R$ 80,96,false,none
Kit Clareamento Whitness Perfec 03 Gel + Moldeira Clareador,2 dias,3,R$ 71,53,false,none
Creme Dentário Branqueador Smile-ease V34/kit De Reparação 1,2 dias,2,R$ 58,45,false,none
Clareamento Whiteness Perfect 22% Fgm + 2 Pares Moldeira,5 dias,5,R$ 113,00,false,platinum
Whiteness Perfect 22% 3 Unidades + 1 Par De Moldeira,4 dias,5,R$ 78,90,false,platinum
Clareador Dental 22% Whiteness Perfect 22% - Fgm,4 dias,5,R$ 27,90,false,platinum
6 Whiteness Perfect 22% + 2 Moldeiras,5 dias,5,R$ 155,90,false,platinum
Escova Dental Ultramacia Curaprox 5460 2 Unidades - Sortidas,26 dias,50,R$ 66,98,true,lider
Escova Interdental Needs Slim Picks 40 Unidades,2 dias,2,R$ 19,90,false,none
Jato D Água Limpador Irrigador Bucal Dental Dentes Gengiva,16 dias,50,R$ 301,20,true,platinum
Irrigador Oral Elétrico Jato D Água Limpador Dental Bucal,16 dias,25,R$ 40,45,true,gold
Lenço P/ Higienização Hospitalar E Assepsia Cremer Kit C/200,2 dias,2,R$ 150,99,false,none
Kit 2 Refil Lâmina De Reposição Para Oneblade Qp210/50p,29 dias,100,R$ 109,70,false,platinum
Fralda Geriátrica Bigfral Derma Plus Noturna G 7 Unidades,1 dias,3,R$ 37,00,false,platinum
Melhor Base Vegetal Glicerina V&g Kit 2 Branca Transparente,2 dias,5,R$ 62,90,false,gold
Unha Postiça Tips Realista Acrigel Em Gel Led/uv Soft Gel,24 dias,25,R$ 44,17,true,lider
Postiça Realista Soft Gel D&z Tabela Nude,24 dias,25,R$ 42,50,true,lider
Impala Kit C/08un Esm Coleção Movimenta ! * Lançamento *,10 dias,25,R$ 48,89,false,none
Cortador De Unha Pequeno Cartela 60 Peças Atacado Em Aço,23 dias,25,R$ 159,90,false,gold
Lixadeira Motor Elétrica Unha Profissional Pedal Envio 24h,11 dias,25,R$ 134,93,false,lider
Lixadeira Elétrica Lixa De Unha 5 Brocas Inclusas Bivolt,25 dias,25,R$ 28,90,true,none
Kit 6 Anita Coleção Que Babado (edição Limitada),20 dias,50,R$ 41,40,false,lider
Suporte - Mesa +3 Bandejas Auxi. Para Clínica Estética,30 dias,100,R$ 110,67,false,gold
Mesa Manicure Em Mdf + 2 Expositor + Brinde Mega Oferta!!,21 dias,50,R$ 198,99,false,lider
Lixador Para Pés Elétrico E Removedor De Calos Portátil Usb,4 dias,5,R$ 27,99,false,platinum
Bluwe Molde Naturalidade F1 - 120 Unidades - Unhas De Gel,1 dias,3,R$ 39,90,false,lider
Kit Infantil Criança De Maquiagem Com Nessaire Make Linda,20 dias,50,R$ 47,67,true,lider
Cx 10 Agulhas 1 Ponta + Ponteiras Fine Dermomag Outlet,24 dias,25,R$ 44,90,false,none
Lápis Labial Batom Mate Instalip Intense 1,2g,20 dias,50,R$ 17,66,true,platinum
Eudora Glam Matte Tint Batom Líquido Bordô Intenso,2 dias,2,R$ 39,99,false,platinum
Bt Creamy Óleo Labial Cremoso - Bruna Tavares - Hidratante,24 dias,25,R$ 49,70,true,platinum
Box Atacado Gloss Labial Sarahs Beauty 36 Unidades,3 dias,4,R$ 491,00,false,lider
Gloss Labial - Escolha Sua Cor - Sarah's Beauty,4 dias,5,R$ 25,90,false,lider
Cola Adesivo Cherry Lash One Black Edition Extensão De Cílio,16 dias,50,R$ 64,90,true,gold
Cola Adesivo Clione Prime Mist Para Extensão De Cílios,3 dias,3,R$ 53,90,false,lider
50 Pares Protetor Pálpebra Gel Patch Pad Alongamento Cílios,24 dias,25,R$ 27,97,true,lider
Espuma Soft Snow Kel Padilha Cherry Lash 120ml,30 dias,100,R$ 64,90,true,platinum
Passo 2 Individual Master Lash Lifting Brown Lamination,2 dias,5,R$ 189,99,false,lider
Soft Snow Cherry Lash Espuma Mousse Shampoo De Limpeza,27 dias,50,R$ 64,90,true,gold
Cílios Decemars W 8d New 2.0 Mix E Tamanho Único,23 dias,50,R$ 72,59,true,none
Cílios Arison Lashes Volume Brasileiro Mix Yy 007 D Original,12 dias,25,R$ 27,91,true,platinum
Cílios Decemars W 8d Mix E Tamanho Único - Volume Egípcio,23 dias,50,R$ 72,59,true,none
Cilios Decemars 8d-w New 2.0 Tamanho Único E Mix,27 dias,50,R$ 78,90,true,platinum
Cola Para Glitter Ruby Rose Hb 580 Stay Fix 15ml,27 dias,50,R$ 24,44,true,platinum
Organizador Giratório 360° Maquiagem Perfume Acrílico Grande,1 dias,1,R$ 58,99,false,none
Paleta De Maquiagem Completa Blush Iluminador Contorno,30 dias,50,R$ 34,95,true,platinum
Maquiagem Maybelline Corretivo Eraser Instant Age,19 dias,25,R$ 79,10,true,none
Contorno Facial Tracta Bastão Efeito Matte Cremoso Maquiagem,18 dias,50,R$ 39,89,true,platinum
Escada Escadinha Auxiliar Maca Estética Hospital 2 Degrau,2 dias,2,R$ 178,50,false,gold
Body Splash Desodorante Colônia Nativa Spa Morango Ruby200ml,1 dias,1,R$ 59,50,false,platinum
Derma Roller System Rolo Microagulhamento Original Lacrado,25 dias,25,R$ 9,90,false,none
Aparelho Para Massagem Facial Efeito Lift Tratamento Estétic,14 dias,25,R$ 109,89,false,none
Removedor De Cravos Poros Elétrico Recarregável Usb Peeling,12 dias,25,R$ 31,99,true,gold
Kit 2 Massageadores Coluna Braços Pés Pernas + Tonificador,13 dias,25,R$ 98,99,true,lider
Bomba Vácuo Ventosa Extensora Masculina Alongadora,2 dias,5,R$ 98,90,false,none
Ventosa Bomba Vácuo Potencializador Masculino Kit 3 Em 1,2 dias,5,R$ 110,90,false,none
Pigmento Para Micropigmentação Rb Kollors 3ml Escolha Cor,25 dias,50,R$ 69,43,true,platinum
Biocube Xman Tornado V3 Pioneer Uv,2 dias,2,R$ 419,90,false,lider
Girafas Pop It Tubo Led Estica E Gruda Montessori Magic Lanç,28 dias,100,R$ 39,75,true,gold
Brinquedo Pop It Eletrônico Com Som Anti Stress Educativo,27 dias,50,R$ 49,00,true,platinum
Girafa Girafinha Com Led Melman Pop It Telescópica Infantil,10 dias,25,R$ 47,34,true,platinum
Girafas Pop It Criativa Tubo Estica E Gruda Magic Melman,5 dias,5,R$ 29,82,false,none
Pop It Eletrônico Gamer Mini Anti Stress Brinquedo Pop It,28 dias,50,R$ 40,47,false,none
Girafas Pop It Kit 2un Criativa Tubo Estica E Gruda Magic,3 dias,4,R$ 79,19,false,none
Escorregador Infantil Grande 4 Degraus Diversão Para Criança,19 dias,25,R$ 479,00,false,none
Escorregador Infantil Grande 4 Degraus Criança Presente Top,19 dias,25,R$ 599,00,false,none
Cama Elástica 3,05m Pula Pula Diversão Criança Top Locação,24 dias,50,R$ 1.299,00,false,none
Cama Elástica 3,05m Pula Pula Diversão Criança Top Locação,24 dias,50,R$ 1.179,00,false,none
Cama Elástica 2,44m Pula Pula Diversão Criança Bebê Locação,24 dias,25,R$ 879,00,false,none
Io-io Em Madeira Colorido Infantil Brinquedo Envio 24hs,25 dias,50,R$ 33,24,false,none
Lona De Salto P/ Cama Elástica 4,27m De 72 Molas - Papibrink,24 dias,25,R$ 521,64,false,none
Kit Gangorra Nhoca + Escorrregador Infantil 2ª Linha,22 dias,25,R$ 329,00,false,none
Rabiola Para Pipa Paulista Kit 200 Metros Alta Qualidade,1 dias,1,R$ 36,90,false,none
1kg Vareta Fibra De Vidro 1.0mm Branca Escova Aeromodelo Art,1 dias,1,R$ 149,90,false,gold
Cavalinho Upa Upa Musical Brinquedo Pula Pula Infantil C/led,5 dias,5,R$ 49,00,false,gold
Cavalo De Borracha Upa Upa Pula Brinquedo Criança C/ Musica,4 dias,4,R$ 49,00,false,gold
Cavalinho Upa Upa Musical Brinquedo Pula Pula Infantil Led,12 dias,25,R$ 50,94,true,lider
Lousa Mágica Infantil Digital Educativa Desenhar Escrever,24 dias,100,R$ 13,90,true,gold
Lousa Mágica Infantil Colorida Rgb 12pol Quadro Lcd Desenho,12 dias,25,R$ 29,17,true,none
Lousa Mágica Infantil Grande 12 Polegadas Interativa Quadro,10 dias,25,R$ 19,34,true,platinum
40 Lousa Magica Infantil Digital Lcd Tablet 8.5 Polegado,18 dias,25,R$ 432,00,false,platinum
40 Lousa Magica Infantil Digital Lcd Tablet 8.5 Polegado,18 dias,25,R$ 456,00,false,platinum
Tablet Lousa Mágica Educativo Tela Lcd Escrever E Desenhar12,4 dias,4,R$ 23,39,false,none
Lousa Mágica Infantil 8.5 Polegadas Para Desenhar Colorida,29 dias,50,R$ 20,00,true,lider
Lousa Mágica Infantil Digital 8.5cm Lcd Tablet Desenho,2 dias,3,R$ 12,00,false,lider
Tablet Lousa Mágica Educativo Tela Lcd Escrever E Desenhar,4 dias,5,R$ 12,59,false,none
20 Lousa Magica Infantil Digital Lcd Tablet 8.5 Polegado,3 dias,3,R$ 220,00,false,platinum
Mini Kit Slime Neon Dia Das Crianças Natal E Black Friday,21 dias,25,R$ 39,99,true,none
Micro Kit Slime Neon Dia Das Crianças Desativador E Lanterna,21 dias,25,R$ 39,99,true,none
Carrinho Super Mercado Infantil Rosa Ou Vermelho Magic Toys,25 dias,25,R$ 78,99,false,platinum
Soldados Japoneses Gulliver Produto Original Na Cor Mostarda,1 dias,5,R$ 90,00,false,none
Drone De Brinquedo Infantil Com Controle Remoto Polibrinq,10 dias,25,R$ 155,96,false,none
Cozinha Completa Infantil Com Refrigerador Cinza 100% Mdf,25 dias,25,R$ 654,42,false,platinum
Brinquedo Liquidificador Interativo Com Luz E Som A Pilhas M,25 dias,25,R$ 74,60,true,platinum
Máquina Mágica De Trança Terere Para Cabelo Infantil Menina,21 dias,25,R$ 65,82,false,none
Brinquedo Jogo Pega Peixe Pesca Maluca Pescaria Infantil,4 dias,5,R$ 24,95,false,lider
Lazhu Ss Grande Cobra De Borracha Realista, Brincadeira De,1 dias,1,R$ 64,01,false,none
Borboleta Magica 2 Borboleta Mágica Voadora,3 dias,5,R$ 25,90,false,lider
Lança Bolha Sabão Arminha Pistola Bazuca Brinquedo Criança,24 dias,25,R$ 45,72,true,gold
Kit 10 Bolas Futebol De Vinil Cordão Mola Inflável Coloridas,19 dias,25,R$ 54,99,false,gold
Raquete Beach Tennis Shark Predator,13 dias,25,R$ 2.399,00,false,none
Caranguejo Brinquedo Fujão Bebe Indução Sr Joe Usb Musica,24 dias,50,R$ 112,04,true,gold
Caranguejo Fujão Brinquedo Bebê Toca Música Luz Recarregável,1 dias,4,R$ 77,93,false,gold
Brinquedo De Água Feito À Mão Y 3d, Conjunto De Brinquedos D,16 dias,25,R$ 132,84,false,lider
Tapete Tatame Infantil Emborrachado Dupla Face Bebe Dobravel,30 dias,50,R$ 167,92,true,platinum
Brinquedo Aquático 3d Hecho A Mano, Jogo De Brinquedos De Ha,23 dias,25,R$ 121,97,false,lider
Barraca Infantil Rosa Toca Túnel 3 X 1 + 100 Bolinhas Rosa,2 dias,5,R$ 219,00,false,platinum
Barraca Infantil Rosa Toca Túnel 3 X 1 + 50 Bolinhas Rosa,2 dias,5,R$ 199,00,false,platinum
Barraca Infantil Rosa Toca Túnel 3 X 1 Barbie Cesta Basquete,4 dias,5,R$ 179,00,false,platinum
Motor Vdc 24 Vdc Com Redução E Polia,19 dias,25,R$ 45,30,false,none
5 Horns Metalicos Para Giant + Ball Link + Barra Roscada M3,1 dias,1,R$ 183,00,false,none
Placa Folha Petg Cristal Transparente 2mm Sob Medida,1 dias,1,R$ 24,77,false,lider
Jogo De Bolas Profissionais P/ Sinuca Bilhar 50mm+branca+giz,19 dias,25,R$ 149,99,false,gold
Mesa Tênis De Mesa Ping Pong Klopf 1009 Mdf 15mm Com Rodas,1 dias,1,R$ 1.785,00,false,none
Box Pokemon Unown V E Lugia V Coleção Realeza Absoluta,2 dias,5,R$ 99,90,false,platinum
Box Pokemon Unown V E Lugia V Coleção Realeza Absoluta,2 dias,5,R$ 99,90,false,lider
Box Pokemon Pikachu Vmax Especial Realeza Absoluta Copag,26 dias,100,R$ 99,90,false,lider
Box Pokémon Realeza Absoluta Unown Lugia Especial Tcg Copag,3 dias,5,R$ 151,98,false,none
Kit 200 Cards Rebelde Rbd = 50 Pacotes Lançamento Para Bafo,20 dias,25,R$ 28,97,false,none
Box Pokemon 25 Anos Sylveon Sombrio V Copag,26 dias,50,R$ 99,90,false,lider
Box Treinador Avançado Charmander Obsidiana Em Chamas Copag,4 dias,5,R$ 313,40,false,gold
Booster Box Obsidiana Em Chamas Pokémon Tcg Copag Ev3,4 dias,5,R$ 303,90,false,gold
Box Booster Pokemon Obsidiana Em Chamas Ev3 Copag Original,4 dias,5,R$ 293,88,false,gold
Arma De Gel Metralhadora Bolinha M416 Elétrica Automática,12 dias,50,R$ 189,99,true,gold
Arminha Glock Bolinha De Gel 7-8 Mm,19 dias,25,R$ 47,39,true,lider
Arma Glock Bolinha De Gel Arminha De Gel Manual,19 dias,50,R$ 48,97,true,platinum
Arma Glock De Brinquedo Lança Bolinha Com Laser Led E 500 Bb,19 dias,25,R$ 59,99,true,platinum
Bicicleta De Equilíbrio Infantil Sem Pedal Castela Brasil,17 dias,25,R$ 159,97,false,platinum
Bicicleta Andador Infantil 4 Rodas Sem Pedal Bike Equilíbri,5 dias,5,R$ 245,00,false,platinum
Quadriciclo 125cc Max Automatico Com Ré 0km - Pronta Entrega,2 dias,2,R$ 4.273,90,false,none
Patinete Infantil Princesas Meninas 3 Rodas Musical Rosa,2 dias,4,R$ 79,00,false,none
Velotrol Infantil Motoca Velocipede Motoquinha Escolha A Cor,9 dias,25,R$ 148,68,false,platinum
Motoca Triciclo Infantil Top Joy Promoção Dia Das Crianças,24 dias,25,R$ 138,06,false,lider
Triciclo Motoca Magic Toys - C/ Empurrador Protetor Lateral,20 dias,50,R$ 173,19,false,none
Triciclo Motoca Infantil Tonquinha Com Proteção E Empurrador,25 dias,50,R$ 172,80,false,none
Triciclo Ultra Bikes Motoca Velotrol Para Crianças Promoção,24 dias,50,R$ 165,68,false,lider
Moto Motinho Elétrica Infantil Bike Custom Chopper Patrulha,4 dias,5,R$ 442,61,false,gold
Carrinho Elétrico Infantil Audi R8 C/ Controle Farol Luz 12v,4 dias,4,R$ 1.727,99,false,gold
Bolinhas Para Piscina Pacote C/ 500 Un Material Excelente,6 dias,50,R$ 147,51,false,platinum
Bolinhas Para Piscina Pacote C/ 500 Un Coloridas Não Amassam,24 dias,100,R$ 220,90,false,platinum
100 Bolinhas Piscina Rosa Pink Barbie Princesas Não Amassa,25 dias,25,R$ 49,90,false,platinum
Pacote Com 500 Bolinhas De Piscina 76mm Super Resistentes,18 dias,25,R$ 161,68,false,platinum
500 Bolinhas De Piscina Coloridas Não Amassam,5 dias,25,R$ 149,90,false,none
Bolinhas Para Piscina Pacote Com 500 Un Material Excelente,12 dias,50,R$ 220,90,false,platinum
Bolinhas Para Piscina Pacote C/ 500 Un Não Amassam Coloridas,12 dias,50,R$ 220,90,false,platinum
250 Bolinhas De Piscina Coloridas Não Amassam Melhor Preço,5 dias,5,R$ 104,90,false,none
Bolinhas P/ Piscina 500 Und - Não Amassam - 100% Ecológico 1,18 dias,50,R$ 163,63,false,platinum
Kit 2 Carrinhos Fricção Filme Carros 3 Relampago Mcqueen,20 dias,50,R$ 99,99,true,gold
Brasileirão 2023 Pack Com 40 Envelopes: Total 200 Figurinhas,24 dias,100,R$ 160,00,true,platinum
Kit 100 Figurinhas Do Álbum Brasileirão 2023 (20 Envelopes),24 dias,50,R$ 106,90,true,platinum
Brasileirão 2023 Pack Com 10 Envelopes: Total 50 Figurinhas,16 dias,25,R$ 44,90,true,platinum
Kit 50 Figurinhas Do Brasileirão 2023 São 10 Envelopes,25 dias,25,R$ 48,20,true,lider
50 Figurinhas Brasileirão 2023 Panini = 10 Envelopes,30 dias,50,R$ 49,90,false,none
Brasileirão 23: Álbum Capa Dura+40 Envelopes: 200 Figurinhas,24 dias,50,R$ 214,90,true,platinum
Kit 1 Álbum Brasileirão 2023 + 50 Figurinhas (10 Envelopes),25 dias,25,R$ 62,90,true,platinum
1 Álbum Brasileirão 2023 Capa Dura + 50 Figurinhas (10 Env),18 dias,25,R$ 123,99,true,platinum
Álbum Brasileirão 2023 Completo Capa Dura Todas Figurinhas,17 dias,50,R$ 399,83,false,gold
Álbum Do Brasileirão 2023 C 50 Figurinhas São 10 Envelopes,25 dias,50,R$ 61,99,true,lider
Álbum Enaldinho Capa Dura Dourada 75 Figurinhas + Brindes,25 dias,50,R$ 129,00,false,none
Boina Masculina Boné Chapéu Italiano Lã Macia Peaky Blinders,12 dias,50,R$ 41,23,true,gold
Boton Broche Com Laço Setembro Amarelo Conscientização 100un,18 dias,25,R$ 42,99,false,lider
Canga De Praia Grande Com Lindas Estampas Em Oferta,23 dias,25,R$ 24,99,false,gold
Kit 4 Guarda Chuva Transparente Automático Eventos Decoração,24 dias,25,R$ 78,90,false,platinum
Guarda-chuva Infantil Automático Meninas Com Apito,19 dias,25,R$ 25,99,false,platinum
Máscara Tapa Olho Máscara Para Dormir 3d Mascara De Repouso,22 dias,25,R$ 13,85,true,platinum
Óculos Para Leitura Com Grau Unissex,4 dias,25,R$ 14,90,false,none
Óculos Armação Miopia Com Grau Negativo Visão Longe,24 dias,25,R$ 48,80,false,none
Óculos De Grau Para Maquiagem,30 dias,50,R$ 28,00,false,none
Armação Óculos Grau Miopia Visão Longe -0.50/ate/-4.00,24 dias,25,R$ 48,80,false,none
Óculos De Sol Juliet Lente Espelhada E Kit Branco 24k Pinado,19 dias,100,R$ 128,01,false,lider
Óculos De Sol Juliet 24k Doublexx Mandrak Vilão X Metal Mars,19 dias,50,R$ 94,99,false,gold
Conjunto De Frio Masculino Peças De Griffe E De Time,30 dias,100,R$ 189,11,false,platinum
Colete Feminino Curto Alfaiataria Decote V Botões Forrados,10 dias,25,R$ 57,90,false,none
Colete Femino Maxi Cardigan Alongado Elegante Moda Social,26 dias,50,R$ 37,00,false,none
Colete Social Masculino Original Yunity Qualidade Premium,25 dias,25,R$ 39,90,false,none
Conjunto Infantil Social Festa Casamen Page Colete Gravata,5 dias,5,R$ 168,99,false,none
Sapatilha Alpargatas Masculinas E Feminina Havaianas Origine,9 dias,50,R$ 49,90,false,none
Pantufa Masculina Antiderrapante Confortável Casa Adulto,25 dias,25,R$ 48,90,true,lider
Sandália Kenner Chinelo Rakka Full Force L7nnon Original,30 dias,100,R$ 152,32,false,gold
Chinelo Sandália Kenner Full Force Rakka L7 Original Adulto,30 dias,100,R$ 152,05,false,gold
Chinelo Masculino Adulto Cartago Dakar Confortável Original,30 dias,100,R$ 39,90,true,gold
Sandália Kenner Rakka Full Force L7 Rak-01 Preto Original,30 dias,100,R$ 152,86,false,gold
Chinelo Kenner Rakka Full Force L7 Original Lançamento,30 dias,100,R$ 152,82,false,gold
Sapato Anabela Feminino Modare Ultra Conforto 7014.267,1 dias,2,R$ 98,98,false,lider
Sapatilha Antiderrapante Multisports Fiber Knit All Black,1 dias,2,R$ 84,95,false,none
Kit Sapato Masculino Social Preto Com Relogio E Cinto,25 dias,50,R$ 106,51,false,none
Tênis Mizuno Wave Frontier 15 Masculino- Preto-dourado,1 dias,1,R$ 799,80,false,none
Tênis Olimpikus Difuse Corrida Flash Feminino Masculino Leve,30 dias,100,R$ 109,99,false,none
Tênis Masculino Revelation Original Couro Caminhada + Frete,12 dias,100,R$ 136,20,false,none
Tenis Nirvana 9 Masculino/feminino Black Friday,24 dias,50,R$ 129,85,false,none
Calça Duna Feminino Alfaiataria Cintura Alta Cores Da Moda,30 dias,100,R$ 29,98,false,platinum
Kit 2 Calças Sarja Masculina Bolso Embutido Top,30 dias,500,R$ 139,99,false,platinum
Kit 2 Calças Sarja Social Premium Sport Fino Preta Cáqui,13 dias,100,R$ 125,99,false,gold
Calça Jeans Levanta Bumbum Plus Size Feminina Ri19 Up 00535,1 dias,1,R$ 219,11,false,gold
Calça Metalúrgica Refletiva Contém 06 Bolsos Brim,1 dias,5,R$ 74,61,false,gold
Camisa Polo Manga Curta Com Ziper Gola Polo Masculina,6 dias,25,R$ 39,84,false,platinum
Camisa Social Masculina Manga Longa Premium 55% Algodão,18 dias,25,R$ 74,00,false,none
Camisa Polo Manga Curta Com Ziper Gola Polo Masculina,17 dias,50,R$ 78,90,false,platinum
